CREATE DATABASE IF NOT EXISTS `easyfly_db` DEFAULT CHARACTER SET utf8mb4 COLLATE utf8mb4_unicode_ci;
USE `easyfly_db`;
-- Data for table `passport`
INSERT INTO `passport` VALUES ('PP0090572804BH','2027-08-27','Hannah','Lee','1971-12-09');
INSERT INTO `passport` VALUES ('PP7651366630IF','2033-05-04','Hannah','Johnson','1984-01-02');
INSERT INTO `passport` VALUES ('PP4377258911GB','2031-11-11','Ian','Davis','2003-12-04');
INSERT INTO `passport` VALUES ('PP1337258387EK','2034-08-28','Bob','Garcia','1985-08-27');
INSERT INTO `passport` VALUES ('PP2533610413BI','2033-03-29','Bob','Davis','1997-05-13');
INSERT INTO `passport` VALUES ('PP2131012231RR','2030-10-16','Frank','Rodriguez','2002-10-20');
INSERT INTO `passport` VALUES ('PP8047714876ME','2032-12-16','Alice','Martinez','1979-07-16');
INSERT INTO `passport` VALUES ('PP2633099520OS','2035-04-05','Frank','Clark','1991-01-30');
INSERT INTO `passport` VALUES ('PP1278689033HY','2029-06-13','Julia','Rodriguez','1987-05-20');
INSERT INTO `passport` VALUES ('PP5215310396TI','2031-03-20','Hannah','Lewis','2006-09-15');
INSERT INTO `passport` VALUES ('PP0876973494TI','2030-05-07','Bob','Davis','1990-10-01');
INSERT INTO `passport` VALUES ('PP9863081238JG','2028-06-21','Julia','Johnson','2002-03-24');
INSERT INTO `passport` VALUES ('PP9510698382QM','2028-09-29','Carlos','Brown','1998-12-12');
INSERT INTO `passport` VALUES ('PP5268883013TA','2029-11-23','Hannah','Smith','1981-05-02');
INSERT INTO `passport` VALUES ('PP3413441884FM','2030-01-09','Emily','Lee','2003-02-19');
INSERT INTO `passport` VALUES ('PP2980820025WI','2031-08-16','Frank','Davis','1996-09-04');
INSERT INTO `passport` VALUES ('PP1545285094UE','2030-02-24','Carlos','Lee','2006-07-24');
INSERT INTO `passport` VALUES ('PP3987872568OB','2027-01-22','Ian','Rodriguez','1992-01-16');
INSERT INTO `passport` VALUES ('PP6754028817ZP','2035-02-04','Julia','Johnson','1998-05-05');
INSERT INTO `passport` VALUES ('PP9347904212YZ','2031-12-31','Julia','Lee','1995-08-09');
-- Data for table `booker`
INSERT INTO `booker` VALUES ('PP0090572804BH','hannah.lee@example.com','+639027593706','433 Broadway','6863','Frankfurt','Philippines');
INSERT INTO `booker` VALUES ('PP7651366630IF','hannah.johnson@example.com','+639145433071','326 Main St','3200','Sydney','Philippines');
INSERT INTO `booker` VALUES ('PP4377258911GB','ian.davis@example.com','+639284798732','804 Main St','7230','Singapore','Philippines');
INSERT INTO `booker` VALUES ('PP1337258387EK','bob.garcia@example.com','+639061310584','984 Main St','2914','Manila','Philippines');
INSERT INTO `booker` VALUES ('PP2533610413BI','bob.davis@example.com','+639079025273','855 Main St','3972','Sydney','Philippines');
INSERT INTO `booker` VALUES ('PP2131012231RR','frank.rodriguez@example.com','+639094739469','392 Broadway','7615','Los Angeles','Philippines');
INSERT INTO `booker` VALUES ('PP8047714876ME','alice.martinez@example.com','+639176490768','495 Broadway','8371','Tokyo','Philippines');
INSERT INTO `booker` VALUES ('PP2633099520OS','frank.clark@example.com','+639245029588','838 Broadway','9361','London','Philippines');
INSERT INTO `booker` VALUES ('PP1278689033HY','julia.rodriguez@example.com','+639034332603','361 Broadway','3140','Sydney','Philippines');
INSERT INTO `booker` VALUES ('PP5215310396TI','hannah.lewis@example.com','+639608389874','244 Second St','8508','Frankfurt','Philippines');
INSERT INTO `booker` VALUES ('PP0876973494TI','bob.davis@example.com','+639486815490','248 Main St','4472','Tokyo','Philippines');
INSERT INTO `booker` VALUES ('PP9863081238JG','julia.johnson@example.com','+639168880189','672 Main St','5283','Manila','Philippines');
INSERT INTO `booker` VALUES ('PP9510698382QM','carlos.brown@example.com','+639833761825','840 Broadway','1367','Frankfurt','Philippines');
INSERT INTO `booker` VALUES ('PP5268883013TA','hannah.smith@example.com','+639486760749','845 Second St','1919','Paris','Philippines');
INSERT INTO `booker` VALUES ('PP3413441884FM','emily.lee@example.com','+639953864724','548 Second St','7132','Singapore','Philippines');
INSERT INTO `booker` VALUES ('PP2980820025WI','frank.davis@example.com','+639450396851','238 Broadway','1738','New York','Philippines');
INSERT INTO `booker` VALUES ('PP1545285094UE','carlos.lee@example.com','+639938626003','816 Second St','2054','Singapore','Philippines');
INSERT INTO `booker` VALUES ('PP3987872568OB','ian.rodriguez@example.com','+639580039210','887 Main St','3100','Sydney','Philippines');
INSERT INTO `booker` VALUES ('PP6754028817ZP','julia.johnson@example.com','+639582284608','389 Broadway','8057','Frankfurt','Philippines');
INSERT INTO `booker` VALUES ('PP9347904212YZ','julia.lee@example.com','+639548845954','518 Second St','9417','Los Angeles','Philippines');
-- Data for table `flight_history`
INSERT INTO `flight_history` VALUES ('SINFRA-2015','2025-02-19','20:15:00','Singapore','Frankfurt');
INSERT INTO `flight_history` VALUES ('DXBSIN-2115','2025-05-07','21:15:00','Dubai','Singapore');
INSERT INTO `flight_history` VALUES ('SYDLHR-0800','2025-09-03','08:00:00','Sydney','London');
INSERT INTO `flight_history` VALUES ('DXBLHR-2300','2025-01-30','23:00:00','Dubai','London');
INSERT INTO `flight_history` VALUES ('JFKFRA-1615','2025-02-21','16:15:00','New York','Frankfurt');
INSERT INTO `flight_history` VALUES ('MNLDXB-2245','2025-09-12','22:45:00','Manila','Dubai');
INSERT INTO `flight_history` VALUES ('FRAJFK-1430','2025-10-12','14:30:00','Frankfurt','New York');
INSERT INTO `flight_history` VALUES ('CDGMNL-0545','2025-09-08','05:45:00','Paris','Manila');
INSERT INTO `flight_history` VALUES ('SINSYD-2300','2025-11-01','23:00:00','Singapore','Sydney');
INSERT INTO `flight_history` VALUES ('SINDXB-0130','2025-01-27','01:30:00','Singapore','Dubai');
INSERT INTO `flight_history` VALUES ('DXBJFK-1045','2025-02-04','10:45:00','Dubai','New York');
INSERT INTO `flight_history` VALUES ('CDGLHR-0130','2025-02-14','01:30:00','Paris','London');
INSERT INTO `flight_history` VALUES ('FRAJFK-1845','2025-02-27','18:45:00','Frankfurt','New York');
INSERT INTO `flight_history` VALUES ('DXBSYD-1630','2025-01-23','16:30:00','Dubai','Sydney');
INSERT INTO `flight_history` VALUES ('FRAMNL-1215','2025-11-04','12:15:00','Frankfurt','Manila');
INSERT INTO `flight_history` VALUES ('FRASYD-1045','2025-09-17','10:45:00','Frankfurt','Sydney');
INSERT INTO `flight_history` VALUES ('TKYDXB-1100','2025-03-06','11:00:00','Tokyo','Dubai');
INSERT INTO `flight_history` VALUES ('JFKLHR-0900','2025-06-19','09:00:00','New York','London');
INSERT INTO `flight_history` VALUES ('LAXSYD-1930','2025-10-22','19:30:00','Los Angeles','Sydney');
INSERT INTO `flight_history` VALUES ('LHRJFK-0330','2024-12-15','03:30:00','London','New York');
INSERT INTO `flight_history` VALUES ('LAXSYD-0130','2025-09-19','01:30:00','Los Angeles','Sydney');
INSERT INTO `flight_history` VALUES ('MNLTKY-0130','2025-08-13','01:30:00','Manila','Tokyo');
INSERT INTO `flight_history` VALUES ('SINMNL-0145','2025-06-07','01:45:00','Singapore','Manila');
INSERT INTO `flight_history` VALUES ('SYDDXB-0145','2025-05-15','01:45:00','Sydney','Dubai');
INSERT INTO `flight_history` VALUES ('SINFRA-2100','2025-07-06','21:00:00','Singapore','Frankfurt');
INSERT INTO `flight_history` VALUES ('JFKLAX-0915','2025-07-12','09:15:00','New York','Los Angeles');
INSERT INTO `flight_history` VALUES ('FRALHR-0100','2025-04-22','01:00:00','Frankfurt','London');
INSERT INTO `flight_history` VALUES ('MNLFRA-0300','2025-05-17','03:00:00','Manila','Frankfurt');
INSERT INTO `flight_history` VALUES ('CDGJFK-0300','2025-03-07','03:00:00','Paris','New York');
INSERT INTO `flight_history` VALUES ('CDGMNL-0845','2025-04-12','08:45:00','Paris','Manila');
INSERT INTO `flight_history` VALUES ('MNLLHR-1000','2025-12-03','10:00:00','Manila','London');
INSERT INTO `flight_history` VALUES ('LHRCDG-1445','2025-09-12','14:45:00','London','Paris');
INSERT INTO `flight_history` VALUES ('SINSYD-0200','2025-10-23','02:00:00','Singapore','Sydney');
INSERT INTO `flight_history` VALUES ('SINDXB-1745','2025-08-23','17:45:00','Singapore','Dubai');
INSERT INTO `flight_history` VALUES ('LHRSYD-0145','2025-04-19','01:45:00','London','Sydney');
INSERT INTO `flight_history` VALUES ('SYDCDG-1245','2025-11-17','12:45:00','Sydney','Paris');
INSERT INTO `flight_history` VALUES ('FRASIN-0630','2025-01-20','06:30:00','Frankfurt','Singapore');
INSERT INTO `flight_history` VALUES ('CDGSYD-2100','2025-03-20','21:00:00','Paris','Sydney');
INSERT INTO `flight_history` VALUES ('SYDTKY-2200','2025-10-24','22:00:00','Sydney','Tokyo');
INSERT INTO `flight_history` VALUES ('FRASYD-1230','2025-11-17','12:30:00','Frankfurt','Sydney');
INSERT INTO `flight_history` VALUES ('SINTKY-1315','2025-11-13','13:15:00','Singapore','Tokyo');
INSERT INTO `flight_history` VALUES ('MNLJFK-1215','2025-04-24','12:15:00','Manila','New York');
INSERT INTO `flight_history` VALUES ('FRATKY-1445','2025-02-24','14:45:00','Frankfurt','Tokyo');
INSERT INTO `flight_history` VALUES ('LHRSYD-1145','2025-05-29','11:45:00','London','Sydney');
INSERT INTO `flight_history` VALUES ('SINSYD-1415','2025-07-19','14:15:00','Singapore','Sydney');
INSERT INTO `flight_history` VALUES ('CDGTKY-2245','2025-01-29','22:45:00','Paris','Tokyo');
INSERT INTO `flight_history` VALUES ('JFKDXB-2345','2025-06-17','23:45:00','New York','Dubai');
INSERT INTO `flight_history` VALUES ('TKYLAX-0315','2025-10-25','03:15:00','Tokyo','Los Angeles');
INSERT INTO `flight_history` VALUES ('SINTKY-1430','2025-07-29','14:30:00','Singapore','Tokyo');
INSERT INTO `flight_history` VALUES ('MNLTKY-2045','2025-04-12','20:45:00','Manila','Tokyo');
INSERT INTO `flight_history` VALUES ('SINCDG-1430','2025-05-06','14:30:00','Singapore','Paris');
INSERT INTO `flight_history` VALUES ('CDGFRA-2030','2025-01-13','20:30:00','Paris','Frankfurt');
INSERT INTO `flight_history` VALUES ('FRASYD-0930','2025-03-30','09:30:00','Frankfurt','Sydney');
INSERT INTO `flight_history` VALUES ('MNLLHR-1800','2025-10-13','18:00:00','Manila','London');
INSERT INTO `flight_history` VALUES ('CDGTKY-1000','2024-12-14','10:00:00','Paris','Tokyo');
INSERT INTO `flight_history` VALUES ('SYDDXB-1545','2025-02-16','15:45:00','Sydney','Dubai');
INSERT INTO `flight_history` VALUES ('CDGFRA-1415','2025-03-27','14:15:00','Paris','Frankfurt');
INSERT INTO `flight_history` VALUES ('LAXSYD-1145','2025-03-25','11:45:00','Los Angeles','Sydney');
INSERT INTO `flight_history` VALUES ('MNLFRA-1315','2025-03-01','13:15:00','Manila','Frankfurt');
INSERT INTO `flight_history` VALUES ('SYDCDG-0445','2025-06-06','04:45:00','Sydney','Paris');
INSERT INTO `flight_history` VALUES ('CDGLAX-2230','2025-08-12','22:30:00','Paris','Los Angeles');
INSERT INTO `flight_history` VALUES ('LAXJFK-1130','2025-09-08','11:30:00','Los Angeles','New York');
INSERT INTO `flight_history` VALUES ('MNLDXB-1500','2025-04-02','15:00:00','Manila','Dubai');
INSERT INTO `flight_history` VALUES ('JFKSYD-2230','2025-11-10','22:30:00','New York','Sydney');
INSERT INTO `flight_history` VALUES ('SINLHR-1130','2025-11-15','11:30:00','Singapore','London');
INSERT INTO `flight_history` VALUES ('MNLSYD-0045','2025-07-21','00:45:00','Manila','Sydney');
INSERT INTO `flight_history` VALUES ('SYDLHR-1645','2025-04-23','16:45:00','Sydney','London');
INSERT INTO `flight_history` VALUES ('SYDJFK-2015','2025-05-02','20:15:00','Sydney','New York');
INSERT INTO `flight_history` VALUES ('LAXMNL-1015','2025-05-02','10:15:00','Los Angeles','Manila');
INSERT INTO `flight_history` VALUES ('MNLCDG-0730','2025-11-08','07:30:00','Manila','Paris');
INSERT INTO `flight_history` VALUES ('SINCDG-2300','2025-02-27','23:00:00','Singapore','Paris');
INSERT INTO `flight_history` VALUES ('DXBMNL-1045','2025-07-03','10:45:00','Dubai','Manila');
INSERT INTO `flight_history` VALUES ('MNLSIN-0530','2025-10-04','05:30:00','Manila','Singapore');
INSERT INTO `flight_history` VALUES ('TKYDXB-0115','2025-09-18','01:15:00','Tokyo','Dubai');
INSERT INTO `flight_history` VALUES ('SYDJFK-0700','2025-02-14','07:00:00','Sydney','New York');
INSERT INTO `flight_history` VALUES ('MNLJFK-1045','2025-05-15','10:45:00','Manila','New York');
INSERT INTO `flight_history` VALUES ('MNLFRA-1930','2025-08-15','19:30:00','Manila','Frankfurt');
INSERT INTO `flight_history` VALUES ('TKYMNL-0130','2025-05-07','01:30:00','Tokyo','Manila');
INSERT INTO `flight_history` VALUES ('SINLAX-1730','2025-10-11','17:30:00','Singapore','Los Angeles');
INSERT INTO `flight_history` VALUES ('MNLFRA-0400','2025-04-08','04:00:00','Manila','Frankfurt');
INSERT INTO `flight_history` VALUES ('LAXSYD-0545','2025-04-22','05:45:00','Los Angeles','Sydney');
INSERT INTO `flight_history` VALUES ('FRALAX-1900','2024-12-15','19:00:00','Frankfurt','Los Angeles');
INSERT INTO `flight_history` VALUES ('CDGJFK-1930','2025-08-16','19:30:00','Paris','New York');
INSERT INTO `flight_history` VALUES ('MNLTKY-2115','2025-06-09','21:15:00','Manila','Tokyo');
INSERT INTO `flight_history` VALUES ('SINSYD-2145','2025-04-11','21:45:00','Singapore','Sydney');
INSERT INTO `flight_history` VALUES ('CDGFRA-1015','2025-04-05','10:15:00','Paris','Frankfurt');
INSERT INTO `flight_history` VALUES ('CDGLHR-0700','2025-09-20','07:00:00','Paris','London');
INSERT INTO `flight_history` VALUES ('FRAJFK-0100','2025-10-16','01:00:00','Frankfurt','New York');
INSERT INTO `flight_history` VALUES ('JFKSYD-0245','2025-07-12','02:45:00','New York','Sydney');
INSERT INTO `flight_history` VALUES ('SINLAX-1345','2025-06-22','13:45:00','Singapore','Los Angeles');
INSERT INTO `flight_history` VALUES ('SYDCDG-0015','2025-04-24','00:15:00','Sydney','Paris');
INSERT INTO `flight_history` VALUES ('LHRJFK-1830','2025-02-28','18:30:00','London','New York');
INSERT INTO `flight_history` VALUES ('SYDMNL-1300','2025-02-10','13:00:00','Sydney','Manila');
INSERT INTO `flight_history` VALUES ('SYDSIN-1200','2025-05-02','12:00:00','Sydney','Singapore');
INSERT INTO `flight_history` VALUES ('FRATKY-2015','2025-04-23','20:15:00','Frankfurt','Tokyo');
INSERT INTO `flight_history` VALUES ('SYDMNL-1730','2025-08-04','17:30:00','Sydney','Manila');
INSERT INTO `flight_history` VALUES ('JFKFRA-1330','2025-12-01','13:30:00','New York','Frankfurt');
INSERT INTO `flight_history` VALUES ('MNLJFK-1945','2025-10-26','19:45:00','Manila','New York');
INSERT INTO `flight_history` VALUES ('SYDFRA-0100','2025-01-25','01:00:00','Sydney','Frankfurt');
INSERT INTO `flight_history` VALUES ('DXBSIN-0400','2025-01-31','04:00:00','Dubai','Singapore');
-- Data for table `bookings`
INSERT INTO `bookings` VALUES (1,'PP0090572804BH','2025-04-25','Round','Business','CDGFRA-1015','2025-04-05','CDGFRA-2030','2025-01-13');
INSERT INTO `bookings` VALUES (2,'PP0090572804BH','2025-04-03','OneWay','Economy','LAXSYD-0130','2025-09-19',NULL,NULL);
INSERT INTO `bookings` VALUES (3,'PP7651366630IF','2025-04-14','Round','Economy','JFKSYD-2230','2025-11-10','SINDXB-1745','2025-08-23');
INSERT INTO `bookings` VALUES (4,'PP4377258911GB','2025-03-25','OneWay','Economy','DXBJFK-1045','2025-02-04',NULL,NULL);
INSERT INTO `bookings` VALUES (5,'PP1337258387EK','2025-04-28','OneWay','First','SYDDXB-1545','2025-02-16',NULL,NULL);
INSERT INTO `bookings` VALUES (6,'PP2533610413BI','2025-04-10','OneWay','Economy','SINCDG-1430','2025-05-06',NULL,NULL);
INSERT INTO `bookings` VALUES (7,'PP2533610413BI','2025-04-21','OneWay','Economy','JFKLHR-0900','2025-06-19',NULL,NULL);
INSERT INTO `bookings` VALUES (8,'PP2131012231RR','2025-04-05','OneWay','First','FRATKY-2015','2025-04-23',NULL,NULL);
INSERT INTO `bookings` VALUES (9,'PP2131012231RR','2025-05-07','Round','Economy','TKYLAX-0315','2025-10-25','FRATKY-1445','2025-02-24');
INSERT INTO `bookings` VALUES (10,'PP8047714876ME','2025-05-20','OneWay','First','SYDDXB-1545','2025-02-16',NULL,NULL);
INSERT INTO `bookings` VALUES (11,'PP2633099520OS','2025-04-02','OneWay','First','CDGFRA-1015','2025-04-05',NULL,NULL);
INSERT INTO `bookings` VALUES (12,'PP2633099520OS','2025-04-24','Round','Business','SINTKY-1430','2025-07-29','SYDMNL-1730','2025-08-04');
INSERT INTO `bookings` VALUES (13,'PP1278689033HY','2025-04-25','Round','Economy','LAXSYD-0130','2025-09-19','MNLTKY-2115','2025-06-09');
INSERT INTO `bookings` VALUES (14,'PP1278689033HY','2025-05-28','OneWay','Business','CDGFRA-2030','2025-01-13',NULL,NULL);
INSERT INTO `bookings` VALUES (15,'PP5215310396TI','2025-06-02','OneWay','First','SYDLHR-1645','2025-04-23',NULL,NULL);
INSERT INTO `bookings` VALUES (16,'PP0876973494TI','2025-04-27','OneWay','First','FRASYD-1045','2025-09-17',NULL,NULL);
INSERT INTO `bookings` VALUES (17,'PP9863081238JG','2025-04-09','OneWay','Economy','TKYLAX-0315','2025-10-25',NULL,NULL);
INSERT INTO `bookings` VALUES (18,'PP9863081238JG','2025-05-03','Round','Economy','SINDXB-0130','2025-01-27','FRAJFK-0100','2025-10-16');
INSERT INTO `bookings` VALUES (19,'PP9510698382QM','2025-06-09','Round','Economy','SINLAX-1345','2025-06-22','FRASYD-1045','2025-09-17');
INSERT INTO `bookings` VALUES (20,'PP5268883013TA','2025-05-30','Round','Economy','FRAJFK-1845','2025-02-27','JFKLHR-0900','2025-06-19');
INSERT INTO `bookings` VALUES (21,'PP3413441884FM','2025-06-03','Round','First','TKYMNL-0130','2025-05-07','FRATKY-2015','2025-04-23');
INSERT INTO `bookings` VALUES (22,'PP3413441884FM','2025-03-23','OneWay','Economy','LHRJFK-0330','2024-12-15',NULL,NULL);
INSERT INTO `bookings` VALUES (23,'PP2980820025WI','2025-04-27','OneWay','First','MNLJFK-1945','2025-10-26',NULL,NULL);
INSERT INTO `bookings` VALUES (24,'PP2980820025WI','2025-05-15','OneWay','Economy','SYDDXB-1545','2025-02-16',NULL,NULL);
INSERT INTO `bookings` VALUES (25,'PP1545285094UE','2025-05-18','OneWay','Business','LAXSYD-0545','2025-04-22',NULL,NULL);
INSERT INTO `bookings` VALUES (26,'PP3987872568OB','2025-05-18','Round','First','SINFRA-2100','2025-07-06','MNLFRA-1930','2025-08-15');
INSERT INTO `bookings` VALUES (27,'PP3987872568OB','2025-03-28','Round','Economy','FRATKY-2015','2025-04-23','CDGFRA-1015','2025-04-05');
INSERT INTO `bookings` VALUES (28,'PP6754028817ZP','2025-04-30','Round','Business','FRATKY-2015','2025-04-23','FRATKY-2015','2025-04-23');
INSERT INTO `bookings` VALUES (29,'PP9347904212YZ','2025-05-14','OneWay','Economy','LAXSYD-0130','2025-09-19',NULL,NULL);
INSERT INTO `bookings` VALUES (30,'PP9347904212YZ','2025-05-28','OneWay','First','JFKSYD-0245','2025-07-12',NULL,NULL);
-- Data for table `passenger`
INSERT INTO `passenger` VALUES ('PP0090572804BH',1);
INSERT INTO `passenger` VALUES ('PP0090572804BH',2);
INSERT INTO `passenger` VALUES ('PP0090572804BH',3);
INSERT INTO `passenger` VALUES ('PP0090572804BH',1);
INSERT INTO `passenger` VALUES ('PP0090572804BH',2);
INSERT INTO `passenger` VALUES ('PP7651366630IF',1);
INSERT INTO `passenger` VALUES ('PP7651366630IF',2);
INSERT INTO `passenger` VALUES ('PP7651366630IF',3);
INSERT INTO `passenger` VALUES ('PP4377258911GB',1);
INSERT INTO `passenger` VALUES ('PP4377258911GB',2);
INSERT INTO `passenger` VALUES ('PP4377258911GB',3);
INSERT INTO `passenger` VALUES ('PP1337258387EK',1);
INSERT INTO `passenger` VALUES ('PP2533610413BI',1);
INSERT INTO `passenger` VALUES ('PP2533610413BI',1);
INSERT INTO `passenger` VALUES ('PP2131012231RR',1);
INSERT INTO `passenger` VALUES ('PP2131012231RR',2);
INSERT INTO `passenger` VALUES ('PP2131012231RR',1);
INSERT INTO `passenger` VALUES ('PP2131012231RR',2);
INSERT INTO `passenger` VALUES ('PP8047714876ME',1);
INSERT INTO `passenger` VALUES ('PP8047714876ME',2);
INSERT INTO `passenger` VALUES ('PP2633099520OS',1);
INSERT INTO `passenger` VALUES ('PP2633099520OS',2);
INSERT INTO `passenger` VALUES ('PP2633099520OS',3);
INSERT INTO `passenger` VALUES ('PP2633099520OS',1);
INSERT INTO `passenger` VALUES ('PP1278689033HY',1);
INSERT INTO `passenger` VALUES ('PP1278689033HY',2);
INSERT INTO `passenger` VALUES ('PP1278689033HY',1);
INSERT INTO `passenger` VALUES ('PP5215310396TI',1);
INSERT INTO `passenger` VALUES ('PP5215310396TI',2);
INSERT INTO `passenger` VALUES ('PP0876973494TI',1);
INSERT INTO `passenger` VALUES ('PP9863081238JG',1);
INSERT INTO `passenger` VALUES ('PP9863081238JG',2);
INSERT INTO `passenger` VALUES ('PP9863081238JG',1);
INSERT INTO `passenger` VALUES ('PP9863081238JG',2);
INSERT INTO `passenger` VALUES ('PP9863081238JG',3);
INSERT INTO `passenger` VALUES ('PP9510698382QM',1);
INSERT INTO `passenger` VALUES ('PP5268883013TA',1);
INSERT INTO `passenger` VALUES ('PP5268883013TA',2);
INSERT INTO `passenger` VALUES ('PP3413441884FM',1);
INSERT INTO `passenger` VALUES ('PP3413441884FM',2);
INSERT INTO `passenger` VALUES ('PP3413441884FM',1);
INSERT INTO `passenger` VALUES ('PP3413441884FM',2);
INSERT INTO `passenger` VALUES ('PP2980820025WI',1);
INSERT INTO `passenger` VALUES ('PP2980820025WI',1);
INSERT INTO `passenger` VALUES ('PP2980820025WI',2);
INSERT INTO `passenger` VALUES ('PP2980820025WI',3);
INSERT INTO `passenger` VALUES ('PP1545285094UE',1);
INSERT INTO `passenger` VALUES ('PP1545285094UE',2);
INSERT INTO `passenger` VALUES ('PP3987872568OB',1);
INSERT INTO `passenger` VALUES ('PP3987872568OB',2);
INSERT INTO `passenger` VALUES ('PP3987872568OB',1);
INSERT INTO `passenger` VALUES ('PP3987872568OB',2);
INSERT INTO `passenger` VALUES ('PP3987872568OB',3);
INSERT INTO `passenger` VALUES ('PP6754028817ZP',1);
INSERT INTO `passenger` VALUES ('PP6754028817ZP',2);
INSERT INTO `passenger` VALUES ('PP9347904212YZ',1);
INSERT INTO `passenger` VALUES ('PP9347904212YZ',2);
INSERT INTO `passenger` VALUES ('PP9347904212YZ',3);
INSERT INTO `passenger` VALUES ('PP9347904212YZ',1);
-- Data for table `ticket`
INSERT INTO `ticket` VALUES ('56D4',15,'PP0090572804BH');
INSERT INTO `ticket` VALUES ('B450',5,'PP0090572804BH');
INSERT INTO `ticket` VALUES ('4D63',26,'PP0090572804BH');
INSERT INTO `ticket` VALUES ('4EB8',13,'PP0090572804BH');
INSERT INTO `ticket` VALUES ('3653',15,'PP0090572804BH');
INSERT INTO `ticket` VALUES ('9EB1',18,'PP7651366630IF');
INSERT INTO `ticket` VALUES ('E1B5',9,'PP7651366630IF');
INSERT INTO `ticket` VALUES ('0FDF',12,'PP7651366630IF');
INSERT INTO `ticket` VALUES ('4FB1',4,'PP4377258911GB');
INSERT INTO `ticket` VALUES ('08C4',11,'PP4377258911GB');
INSERT INTO `ticket` VALUES ('6F9E',21,'PP4377258911GB');
INSERT INTO `ticket` VALUES ('E503',3,'PP1337258387EK');
INSERT INTO `ticket` VALUES ('4345',17,'PP2533610413BI');
INSERT INTO `ticket` VALUES ('5464',20,'PP2533610413BI');
INSERT INTO `ticket` VALUES ('C7F5',2,'PP2131012231RR');
INSERT INTO `ticket` VALUES ('8CB5',17,'PP2131012231RR');
INSERT INTO `ticket` VALUES ('4BE2',2,'PP2131012231RR');
INSERT INTO `ticket` VALUES ('0AF9',16,'PP2131012231RR');
INSERT INTO `ticket` VALUES ('F281',4,'PP8047714876ME');
INSERT INTO `ticket` VALUES ('2619',24,'PP8047714876ME');
INSERT INTO `ticket` VALUES ('C854',3,'PP2633099520OS');
INSERT INTO `ticket` VALUES ('3440',23,'PP2633099520OS');
INSERT INTO `ticket` VALUES ('040E',10,'PP2633099520OS');
INSERT INTO `ticket` VALUES ('61A7',25,'PP2633099520OS');
INSERT INTO `ticket` VALUES ('9B2C',7,'PP1278689033HY');
INSERT INTO `ticket` VALUES ('1EA0',24,'PP1278689033HY');
INSERT INTO `ticket` VALUES ('5F61',18,'PP1278689033HY');
INSERT INTO `ticket` VALUES ('56CF',30,'PP5215310396TI');
INSERT INTO `ticket` VALUES ('1C1A',18,'PP5215310396TI');
INSERT INTO `ticket` VALUES ('5E8C',10,'PP0876973494TI');
INSERT INTO `ticket` VALUES ('58A0',9,'PP9863081238JG');
INSERT INTO `ticket` VALUES ('58CF',13,'PP9863081238JG');
INSERT INTO `ticket` VALUES ('776E',16,'PP9863081238JG');
INSERT INTO `ticket` VALUES ('4B79',29,'PP9863081238JG');
INSERT INTO `ticket` VALUES ('E902',26,'PP9863081238JG');
INSERT INTO `ticket` VALUES ('E4F3',13,'PP9510698382QM');
INSERT INTO `ticket` VALUES ('5A6F',7,'PP5268883013TA');
INSERT INTO `ticket` VALUES ('C907',17,'PP5268883013TA');
INSERT INTO `ticket` VALUES ('2459',19,'PP3413441884FM');
INSERT INTO `ticket` VALUES ('D0B4',2,'PP3413441884FM');
INSERT INTO `ticket` VALUES ('1659',23,'PP3413441884FM');
INSERT INTO `ticket` VALUES ('70D2',30,'PP3413441884FM');
INSERT INTO `ticket` VALUES ('FAC0',8,'PP2980820025WI');
INSERT INTO `ticket` VALUES ('981A',25,'PP2980820025WI');
INSERT INTO `ticket` VALUES ('B689',27,'PP2980820025WI');
INSERT INTO `ticket` VALUES ('641F',3,'PP2980820025WI');
INSERT INTO `ticket` VALUES ('3BF7',2,'PP1545285094UE');
INSERT INTO `ticket` VALUES ('5D7F',8,'PP1545285094UE');
INSERT INTO `ticket` VALUES ('A404',9,'PP3987872568OB');
INSERT INTO `ticket` VALUES ('6641',18,'PP3987872568OB');
INSERT INTO `ticket` VALUES ('827A',2,'PP3987872568OB');
INSERT INTO `ticket` VALUES ('4F66',13,'PP3987872568OB');
INSERT INTO `ticket` VALUES ('3566',11,'PP3987872568OB');
INSERT INTO `ticket` VALUES ('2A31',30,'PP6754028817ZP');
INSERT INTO `ticket` VALUES ('4A08',27,'PP6754028817ZP');
INSERT INTO `ticket` VALUES ('B82F',15,'PP9347904212YZ');
INSERT INTO `ticket` VALUES ('AC17',21,'PP9347904212YZ');
INSERT INTO `ticket` VALUES ('B86D',9,'PP9347904212YZ');
INSERT INTO `ticket` VALUES ('0E0C',24,'PP9347904212YZ');